modularity_class,Count of modularity_class,Standard Deviation,Average
3,5417,440.5535539,67.50188679
4,4833,,
1,4474,,
2,2780,,
6,2437,,
10,2263,,
22,1668,,
7,1592,,
12,1400,,
19,1301,,
11,1176,,
8,903,,
14,756,,
15,677,,
36,591,,
31,549,,
0,543,,
16,487,,
5,334,,
9,273,,
41,79,,
50,50,,
268,42,,
263,20,,
108,12,,
171,12,,
514,9,,
314,8,,
142,7,,
42,6,,
181,6,,
466,5,,
359,5,,
20,5,,
49,5,,
34,5,,
249,5,,
69,5,,
95,5,,
384,4,,
413,4,,
365,4,,
136,4,,
43,4,,
106,4,,
75,4,,
132,4,,
374,3,,
323,3,,
322,3,,
342,3,,
372,3,,
281,3,,
267,3,,
286,3,,
420,3,,
489,3,,
293,3,,
491,3,,
368,3,,
370,3,,
395,3,,
235,3,,
137,3,,
32,3,,
63,3,,
145,3,,
78,3,,
260,3,,
92,3,,
135,3,,
102,3,,
139,3,,
104,3,,
225,3,,
115,3,,
237,3,,
119,3,,
127,3,,
38,3,,
415,2,,
479,2,,
447,2,,
289,2,,
511,2,,
290,2,,
431,2,,
291,2,,
463,2,,
292,2,,
495,2,,
270,2,,
288,2,,
294,2,,
423,2,,
295,2,,
439,2,,
296,2,,
455,2,,
297,2,,
471,2,,
298,2,,
487,2,,
299,2,,
503,2,,
300,2,,
519,2,,
301,2,,
411,2,,
302,2,,
419,2,,
303,2,,
427,2,,
304,2,,
435,2,,
305,2,,
443,2,,
306,2,,
451,2,,
307,2,,
459,2,,
308,2,,
467,2,,
309,2,,
475,2,,
310,2,,
483,2,,
311,2,,
269,2,,
312,2,,
499,2,,
313,2,,
507,2,,
271,2,,
515,2,,
315,2,,
523,2,,
316,2,,
409,2,,
317,2,,
282,2,,
318,2,,
417,2,,
319,2,,
421,2,,
320,2,,
425,2,,
321,2,,
429,2,,
272,2,,
433,2,,
273,2,,
437,2,,
324,2,,
441,2,,
325,2,,
445,2,,
326,2,,
449,2,,
327,2,,
453,2,,
328,2,,
457,2,,
329,2,,
461,2,,
330,2,,
465,2,,
331,2,,
469,2,,
332,2,,
473,2,,
333,2,,
477,2,,
334,2,,
481,2,,
335,2,,
485,2,,
336,2,,
285,2,,
337,2,,
493,2,,
338,2,,
497,2,,
339,2,,
501,2,,
340,2,,
505,2,,
341,2,,
509,2,,
274,2,,
513,2,,
343,2,,
517,2,,
344,2,,
521,2,,
345,2,,
525,2,,
346,2,,
408,2,,
347,2,,
410,2,,
348,2,,
412,2,,
349,2,,
414,2,,
350,2,,
416,2,,
351,2,,
418,2,,
352,2,,
283,2,,
353,2,,
422,2,,
354,2,,
424,2,,
355,2,,
426,2,,
356,2,,
428,2,,
357,2,,
430,2,,
358,2,,
432,2,,
275,2,,
434,2,,
360,2,,
436,2,,
361,2,,
438,2,,
362,2,,
440,2,,
363,2,,
442,2,,
364,2,,
444,2,,
276,2,,
446,2,,
366,2,,
448,2,,
367,2,,
450,2,,
277,2,,
452,2,,
369,2,,
454,2,,
278,2,,
456,2,,
371,2,,
458,2,,
279,2,,
460,2,,
373,2,,
462,2,,
280,2,,
464,2,,
375,2,,
284,2,,
376,2,,
468,2,,
377,2,,
470,2,,
378,2,,
472,2,,
379,2,,
474,2,,
380,2,,
476,2,,
381,2,,
478,2,,
382,2,,
480,2,,
383,2,,
482,2,,
266,2,,
484,2,,
385,2,,
486,2,,
386,2,,
488,2,,
387,2,,
490,2,,
388,2,,
492,2,,
389,2,,
494,2,,
390,2,,
496,2,,
391,2,,
498,2,,
392,2,,
500,2,,
393,2,,
502,2,,
394,2,,
504,2,,
527,2,,
506,2,,
528,2,,
508,2,,
265,2,,
510,2,,
398,2,,
512,2,,
399,2,,
287,2,,
400,2,,
516,2,,
401,2,,
518,2,,
402,2,,
520,2,,
403,2,,
522,2,,
404,2,,
524,2,,
405,2,,
526,2,,
406,2,,
407,2,,
529,2,,
396,2,,
397,2,,
184,2,,
248,2,,
216,2,,
58,2,,
168,2,,
59,2,,
200,2,,
60,2,,
232,2,,
61,2,,
160,2,,
62,2,,
176,2,,
40,2,,
192,2,,
64,2,,
208,2,,
65,2,,
224,2,,
66,2,,
240,2,,
67,2,,
256,2,,
68,2,,
164,2,,
27,2,,
172,2,,
70,2,,
180,2,,
71,2,,
188,2,,
72,2,,
196,2,,
73,2,,
204,2,,
74,2,,
212,2,,
28,2,,
220,2,,
76,2,,
228,2,,
77,2,,
236,2,,
18,2,,
244,2,,
79,2,,
252,2,,
80,2,,
56,2,,
81,2,,
162,2,,
82,2,,
166,2,,
83,2,,
170,2,,
84,2,,
174,2,,
85,2,,
178,2,,
86,2,,
182,2,,
87,2,,
186,2,,
88,2,,
190,2,,
89,2,,
194,2,,
90,2,,
198,2,,
91,2,,
202,2,,
23,2,,
206,2,,
93,2,,
210,2,,
94,2,,
214,2,,
29,2,,
218,2,,
96,2,,
222,2,,
97,2,,
226,2,,
98,2,,
230,2,,
99,2,,
234,2,,
100,2,,
238,2,,
101,2,,
242,2,,
24,2,,
246,2,,
103,2,,
250,2,,
44,2,,
254,2,,
105,2,,
258,2,,
30,2,,
57,2,,
107,2,,
161,2,,
13,2,,
163,2,,
109,2,,
165,2,,
110,2,,
167,2,,
111,2,,
169,2,,
112,2,,
35,2,,
113,2,,
173,2,,
114,2,,
175,2,,
45,2,,
177,2,,
116,2,,
179,2,,
117,2,,
21,2,,
118,2,,
183,2,,
46,2,,
185,2,,
120,2,,
187,2,,
121,2,,
189,2,,
122,2,,
191,2,,
123,2,,
193,2,,
124,2,,
195,2,,
125,2,,
197,2,,
126,2,,
199,2,,
47,2,,
201,2,,
128,2,,
203,2,,
129,2,,
205,2,,
130,2,,
207,2,,
131,2,,
209,2,,
48,2,,
211,2,,
133,2,,
213,2,,
134,2,,
215,2,,
25,2,,
217,2,,
33,2,,
219,2,,
26,2,,
221,2,,
138,2,,
223,2,,
51,2,,
53,2,,
140,2,,
227,2,,
141,2,,
229,2,,
17,2,,
231,2,,
143,2,,
233,2,,
144,2,,
54,2,,
52,2,,
55,2,,
146,2,,
239,2,,
147,2,,
241,2,,
148,2,,
243,2,,
149,2,,
245,2,,
262,2,,
247,2,,
264,2,,
37,2,,
152,2,,
251,2,,
153,2,,
253,2,,
154,2,,
255,2,,
155,2,,
257,2,,
156,2,,
259,2,,
157,2,,
261,2,,
158,2,,
159,2,,
150,2,,
39,2,,
151,2,,
Grand Total,35776,,
