modularity_class,Count of modularity_class,Standard Deviation,Average
2,9191,526.6567291,67.12195122
1,4712,,
18,3603,,
4,3523,,
9,1845,,
3,1758,,
0,1738,,
40,1638,,
11,1340,,
19,1197,,
13,856,,
6,765,,
7,709,,
14,641,,
10,277,,
15,276,,
5,164,,
41,148,,
24,124,,
65,102,,
272,42,,
516,9,,
427,8,,
316,8,,
185,6,,
43,6,,
459,5,,
72,5,,
21,5,,
98,5,,
35,5,,
253,5,,
68,5,,
49,5,,
414,4,,
139,4,,
109,4,,
376,3,,
373,3,,
421,3,,
319,3,,
375,3,,
285,3,,
271,3,,
532,3,,
491,3,,
305,3,,
296,3,,
345,3,,
493,3,,
369,3,,
371,3,,
396,3,,
229,3,,
8,3,,
141,3,,
16,3,,
123,3,,
29,3,,
64,3,,
80,3,,
148,3,,
94,3,,
119,3,,
97,3,,
265,3,,
33,3,,
138,3,,
105,3,,
140,3,,
107,3,,
143,3,,
151,3,,
38,3,,
181,3,,
239,3,,
111,3,,
116,3,,
241,3,,
51,3,,
254,3,,
56,3,,
131,3,,
416,2,,
480,2,,
448,2,,
290,2,,
512,2,,
291,2,,
432,2,,
292,2,,
464,2,,
293,2,,
496,2,,
294,2,,
408,2,,
295,2,,
424,2,,
268,2,,
440,2,,
297,2,,
456,2,,
298,2,,
472,2,,
299,2,,
488,2,,
300,2,,
504,2,,
301,2,,
520,2,,
302,2,,
412,2,,
303,2,,
420,2,,
304,2,,
428,2,,
269,2,,
436,2,,
306,2,,
444,2,,
307,2,,
452,2,,
308,2,,
460,2,,
309,2,,
468,2,,
310,2,,
476,2,,
311,2,,
484,2,,
312,2,,
492,2,,
313,2,,
500,2,,
314,2,,
508,2,,
315,2,,
288,2,,
273,2,,
524,2,,
317,2,,
410,2,,
318,2,,
282,2,,
274,2,,
418,2,,
320,2,,
422,2,,
321,2,,
426,2,,
322,2,,
430,2,,
323,2,,
434,2,,
324,2,,
438,2,,
325,2,,
442,2,,
326,2,,
446,2,,
327,2,,
450,2,,
328,2,,
454,2,,
329,2,,
458,2,,
330,2,,
462,2,,
331,2,,
466,2,,
332,2,,
470,2,,
333,2,,
474,2,,
334,2,,
478,2,,
335,2,,
482,2,,
336,2,,
486,2,,
337,2,,
490,2,,
338,2,,
494,2,,
339,2,,
498,2,,
340,2,,
502,2,,
341,2,,
506,2,,
342,2,,
510,2,,
343,2,,
514,2,,
344,2,,
518,2,,
275,2,,
522,2,,
346,2,,
526,2,,
347,2,,
409,2,,
348,2,,
411,2,,
349,2,,
413,2,,
350,2,,
415,2,,
351,2,,
417,2,,
352,2,,
419,2,,
353,2,,
283,2,,
354,2,,
423,2,,
355,2,,
425,2,,
356,2,,
284,2,,
357,2,,
429,2,,
358,2,,
431,2,,
359,2,,
433,2,,
360,2,,
435,2,,
361,2,,
437,2,,
362,2,,
439,2,,
363,2,,
441,2,,
364,2,,
443,2,,
365,2,,
445,2,,
366,2,,
447,2,,
367,2,,
449,2,,
368,2,,
451,2,,
276,2,,
453,2,,
370,2,,
455,2,,
277,2,,
457,2,,
372,2,,
270,2,,
278,2,,
461,2,,
374,2,,
463,2,,
279,2,,
465,2,,
280,2,,
467,2,,
377,2,,
469,2,,
378,2,,
471,2,,
379,2,,
473,2,,
380,2,,
475,2,,
381,2,,
477,2,,
382,2,,
479,2,,
383,2,,
481,2,,
384,2,,
483,2,,
385,2,,
485,2,,
386,2,,
487,2,,
387,2,,
489,2,,
388,2,,
286,2,,
389,2,,
287,2,,
390,2,,
495,2,,
391,2,,
497,2,,
392,2,,
499,2,,
393,2,,
501,2,,
394,2,,
503,2,,
395,2,,
505,2,,
527,2,,
507,2,,
528,2,,
509,2,,
530,2,,
511,2,,
281,2,,
513,2,,
400,2,,
515,2,,
401,2,,
517,2,,
402,2,,
519,2,,
403,2,,
521,2,,
404,2,,
523,2,,
405,2,,
525,2,,
406,2,,
289,2,,
407,2,,
529,2,,
397,2,,
531,2,,
398,2,,
267,2,,
399,2,,
188,2,,
252,2,,
220,2,,
62,2,,
172,2,,
63,2,,
204,2,,
30,2,,
236,2,,
31,2,,
164,2,,
66,2,,
180,2,,
67,2,,
196,2,,
32,2,,
212,2,,
69,2,,
228,2,,
70,2,,
244,2,,
71,2,,
260,2,,
12,2,,
168,2,,
73,2,,
176,2,,
74,2,,
184,2,,
75,2,,
192,2,,
76,2,,
200,2,,
77,2,,
208,2,,
78,2,,
216,2,,
79,2,,
224,2,,
34,2,,
232,2,,
81,2,,
240,2,,
82,2,,
248,2,,
83,2,,
256,2,,
84,2,,
61,2,,
85,2,,
166,2,,
86,2,,
170,2,,
87,2,,
174,2,,
88,2,,
178,2,,
89,2,,
182,2,,
90,2,,
186,2,,
91,2,,
190,2,,
92,2,,
194,2,,
93,2,,
198,2,,
22,2,,
202,2,,
95,2,,
206,2,,
96,2,,
210,2,,
36,2,,
214,2,,
37,2,,
218,2,,
99,2,,
222,2,,
100,2,,
226,2,,
101,2,,
230,2,,
102,2,,
234,2,,
103,2,,
238,2,,
104,2,,
242,2,,
23,2,,
246,2,,
106,2,,
250,2,,
39,2,,
60,2,,
108,2,,
258,2,,
17,2,,
262,2,,
110,2,,
163,2,,
25,2,,
165,2,,
112,2,,
167,2,,
113,2,,
169,2,,
114,2,,
171,2,,
115,2,,
173,2,,
42,2,,
175,2,,
117,2,,
177,2,,
118,2,,
179,2,,
26,2,,
54,2,,
120,2,,
183,2,,
121,2,,
55,2,,
122,2,,
187,2,,
44,2,,
189,2,,
124,2,,
191,2,,
125,2,,
193,2,,
126,2,,
195,2,,
127,2,,
197,2,,
128,2,,
199,2,,
129,2,,
201,2,,
130,2,,
203,2,,
264,2,,
205,2,,
45,2,,
207,2,,
46,2,,
209,2,,
134,2,,
211,2,,
135,2,,
213,2,,
136,2,,
215,2,,
137,2,,
217,2,,
47,2,,
219,2,,
48,2,,
221,2,,
27,2,,
223,2,,
50,2,,
225,2,,
142,2,,
227,2,,
28,2,,
20,2,,
144,2,,
231,2,,
145,2,,
233,2,,
146,2,,
235,2,,
147,2,,
237,2,,
52,2,,
57,2,,
149,2,,
58,2,,
150,2,,
243,2,,
53,2,,
245,2,,
152,2,,
247,2,,
153,2,,
249,2,,
154,2,,
251,2,,
155,2,,
59,2,,
156,2,,
255,2,,
157,2,,
257,2,,
158,2,,
259,2,,
159,2,,
261,2,,
160,2,,
263,2,,
161,2,,
162,2,,
266,2,,
132,2,,
133,2,,
Grand Total,35776,,
